{"cameraMode":{"drawMode":0,"name":"Shaded","section":"Shading Mode"},"sceneLighting":true,"audioPlay":false,"sceneViewState":{"showFog":false,"showMaterialUpdate":false,"showSkybox":false,"showFlares":false,"showImageEffects":false,"showParticleSystems":false},"in2DMode":false,"pivot":{"x":1.4089775085449219,"y":-26.437707901000978,"z":48.000003814697269},"rotation":{"x":-0.02576715126633644,"y":-0.05575741454958916,"z":0.0014329485129565,"w":-0.9981244802474976},"size":18.291919708251954,"orthographic":false}